class,precision,recall,f1,support
buildings,0.900463,0.890160,0.895282,437
forest,0.983158,0.985232,0.984194,474
glacier,0.879017,0.840868,0.859519,553
mountain,0.878906,0.857143,0.867888,525
sea,0.903882,0.958824,0.930542,510
street,0.908023,0.926148,0.916996,501
